Workbook

Sheet Dashboard
B2: MARKETING CAMPAIGN ROI & ATTRIBUTION DASHBOARD
B3: SEO · Paid Social · Paid Search · Email — 2024-2025
B5: BLENDED ROAS | D5: PAID SOCIAL SPEND SHARE | F5: PAID SOCIAL REVENUE SHARE | H5: PROJECTED ROAS LIFT | J5: TOP CHANNEL: FIRST-TOUCH
B6: =Reallocation_Scenario!B3 -> 9.81 | D6: =Channel_Summary!G4 -> 71 | F6: =Channel_Summary!H4 -> 16.5 | H6: =Reallocation_Scenario!B10 -> 17.2 | J6: =INDEX(Attribution_Comparison!A2:A5,MATCH(MAX(Attribution_Comparison!B2:B5),Attribution_Comparison!B2:B5,0)) -> SEO

Sheet Monthly_Data
A1: Month | B1: Channel | C1: Spend | D1: Impressions | E1: Clicks | F1: Conversions | G1: Revenue | H1: CAC | I1: ROAS | J1: ConversionRate
A2: 2024-01 | B2: Email | C2: 2679.24 | D2: 2240449 | E2: 101034 | F2: 6688 | G2: 404127.1 | H2: 0.4 | I2: 150.836 | J2: 6.62
A3: 2024-01 | B3: Paid Search | C3: 18863.89 | D3: 852716 | E3: 29850 | F3: 1339 | G3: 100591.25 | H3: 14.09 | I3: 5.332 | J3: 4.486
A4: 2024-01 | B4: Paid Social | C4: 27849.96 | D4: 3173132 | E4: 38150 | F4: 1066 | G4: 72061.85 | H4: 26.13 | I4: 2.588 | J4: 2.794
A5: 2024-01 | B5: SEO | C5: 5204.48 | D5: 5778522 | E5: 117889 | F5: 3641 | G5: 257143.98 | H5: 1.43 | I5: 49.408 | J5: 3.088
A6: 2024-02 | B6: Email | C6: 2485.15 | D6: 2074080 | E6: 92420 | F6: 6250 | G6: 377743.63 | H6: 0.4 | I6: 152 | J6: 6.763
A7: 2024-02 | B7: Paid Search | C7: 17945.72 | D7: 816504 | E7: 28600 | F7: 1277 | G7: 94214.02 | H7: 14.05 | I7: 5.25 | J7: 4.465
A8: 2024-02 | B8: Paid Social | C8: 29919.01 | D8: 3511428 | E8: 43738 | F8: 1215 | G8: 82642.88 | H8: 24.62 | I8: 2.762 | J8: 2.778
A9: 2024-02 | B9: SEO | C9: 5050.91 | D9: 5598920 | E9: 118254 | F9: 3656 | G9: 253331.99 | H9: 1.38 | I9: 50.156 | J9: 3.092
A10: 2024-03 | B10: Email | C10: 2645.35 | D10: 2175371 | E10: 96524 | F10: 6300 | G10: 387389.53 | H10: 0.42 | I10: 146.442 | J10: 6.527
A11: 2024-03 | B11: Paid Search | C11: 18693.14 | D11: 851303 | E11: 30592 | F11: 1372 | G11: 99840.77 | H11: 13.62 | I11: 5.341 | J11: 4.485
A12: 2024-03 | B12: Paid Social | C12: 36259.16 | D12: 4266597 | E12: 51228 | F12: 1447 | G12: 97172.34 | H12: 25.06 | I12: 2.68 | J12: 2.825
A13: 2024-03 | B13: SEO | C13: 5195.17 | D13: 5849289 | E13: 123478 | F13: 3870 | G13: 271980.2 | H13: 1.34 | I13: 52.353 | J13: 3.134
... A89: 2025-10 | B89: SEO | C89: 6135.38 | D89: 6868505 | E89: 141776 | F89: 4391 | G89: 307656.5 | H89: 1.4 | I89: 50.145 | J89: 3.097

Sheet Channel_Summary
A1: Channel | B1: TotalSpend | C1: TotalRevenue | D1: TotalConversions | E1: CAC | F1: ROAS | G1: SpendSharePct | H1: RevenueSharePct
A2: Email | B2: =ROUND(SUMIF(Monthly_Data!$B$2:$B$89,A2,Monthly_Data!$C$2:$C$89),0) -> 60682 | C2: =ROUND(SUMIF(Monthly_Data!$B$2:$B$89,A2,Monthly_Data!$G$2:$G$89),0) -> 8981809 | D2: =SUMIF(Monthly_Data!$B$2:$B$89,A2,Monthly_Data!$F$2:$F$89) -> 147442 | E2: =ROUND(B2/D2,2) -> 0.41 | F2: =ROUND(C2/B2,2) -> 148.01 | G2: =ROUND(B2/SUM($B$2:$B$5)*100,1) -> 2.8 | H2: =ROUND(C2/SUM($C$2:$C$5)*100,1) -> 42.9
A3: Paid Search | B3: =ROUND(SUMIF(Monthly_Data!$B$2:$B$89,A3,Monthly_Data!$C$2:$C$89),0) -> 436247 | C3: =ROUND(SUMIF(Monthly_Data!$B$2:$B$89,A3,Monthly_Data!$G$2:$G$89),0) -> 2288454 | D3: =SUMIF(Monthly_Data!$B$2:$B$89,A3,Monthly_Data!$F$2:$F$89) -> 30974 | E3: =ROUND(B3/D3,2) -> 14.08 | F3: =ROUND(C3/B3,2) -> 5.25 | G3: =ROUND(B3/SUM($B$2:$B$5)*100,1) -> 20.5 | H3: =ROUND(C3/SUM($C$2:$C$5)*100,1) -> 10.9
A4: Paid Social | B4: =ROUND(SUMIF(Monthly_Data!$B$2:$B$89,A4,Monthly_Data!$C$2:$C$89),0) -> 1513599 | C4: =ROUND(SUMIF(Monthly_Data!$B$2:$B$89,A4,Monthly_Data!$G$2:$G$89),0) -> 3455036 | D4: =SUMIF(Monthly_Data!$B$2:$B$89,A4,Monthly_Data!$F$2:$F$89) -> 50778 | E4: =ROUND(B4/D4,2) -> 29.81 | F4: =ROUND(C4/B4,2) -> 2.28 | G4: =ROUND(B4/SUM($B$2:$B$5)*100,1) -> 71 | H4: =ROUND(C4/SUM($C$2:$C$5)*100,1) -> 16.5
A5: SEO | B5: =ROUND(SUMIF(Monthly_Data!$B$2:$B$89,A5,Monthly_Data!$C$2:$C$89),0) -> 122333 | C5: =ROUND(SUMIF(Monthly_Data!$B$2:$B$89,A5,Monthly_Data!$G$2:$G$89),0) -> 6189847 | D5: =SUMIF(Monthly_Data!$B$2:$B$89,A5,Monthly_Data!$F$2:$F$89) -> 88193 | E5: =ROUND(B5/D5,2) -> 1.39 | F5: =ROUND(C5/B5,2) -> 50.6 | G5: =ROUND(B5/SUM($B$2:$B$5)*100,1) -> 5.7 | H5: =ROUND(C5/SUM($C$2:$C$5)*100,1) -> 29.6

Sheet Attribution_Comparison
A1: Channel | B1: FirstTouchRevenue | C1: LastTouchRevenue | D1: LinearRevenue | E1: FirstVsLast_PctDiff
A2: Email | B2: 89074 | C2: 275957 | D2: 182238 | E2: -67.7
A3: Paid Search | B3: 110257 | C3: 210363 | D3: 159821 | E3: -47.6
A4: Paid Social | B4: 233750 | C4: 120582 | D4: 176269 | E4: 93.9
A5: SEO | B5: 284357 | C5: 110536 | D5: 199111 | E5: 157.3

Sheet Reallocation_Scenario
A1: SCENARIO: Shift Budget from Paid Social (saturated) to Email (headroom)
A3: Current Blended ROAS | B3: =ROUND(SUM(Channel_Summary!C2:C5)/SUM(Channel_Summary!B2:B5),2) -> 9.81
A4: Budget Shift Amount (€) | B4: 75000
A5: Paid Social Marginal ROAS (late period) | B5: 1.94
A6: Email Conservative Incremental ROAS | B6: 50
A7: Paid Social Revenue Lost (€) | B7: =ROUND(B4*B5,0) -> 145500
A8: Email Revenue Gained (€) | B8: =ROUND(B4*B6,0) -> 3750000
A9: New Blended ROAS | B9: =ROUND((SUM(Channel_Summary!C2:C5)-B7+B8)/SUM(Channel_Summary!B2:B5),2) -> 11.5
A10: Projected ROAS Lift (%) | B10: =ROUND((B9-B3)/B3*100,1) -> 17.2
A12: Note: Email's incremental ROAS is deliberately capped well below its observed ~148x average (a conservative ~1/3 discount) to account for list-size and deliverability limits not captured in this dataset.
